section,scope,low_lakh,base_bdt,base_lakh,high_lakh,status
01,Cow shed,27.51,3711840,37.1184,51.24,BUDGET
02,Cow yard,4.08,523600,5.2360,7.59,BUDGET
03,Milk room chiller,14.67,2228800,22.2880,33.60,BUDGET
04,Office vet biosecurity,13.62,1964480,19.6448,34.66,BUDGET
05,Feed store,8.17,1218448,12.18448,20.26,BUDGET
06,Feed unloading canopy,2.75,398720,3.9872,6.37,BUDGET
07,Waste receiving mixing,9.63,1405300,14.0530,20.70,BUDGET
08,Biogas digester,17.50,2574000,25.7400,39.50,BUDGET
09,Gas storage,6.44,978000,9.7800,16.88,BUDGET
10,Gas treatment,10.20,1536000,15.3600,24.50,BUDGET
11,Generator electrical,15.10,2144290,21.4429,31.20,BUDGET
12,Fertilizer processing,14.50,2113010,21.1301,31.50,BUDGET
13,Water utility,9.50,1423700,14.2370,21.00,BUDGET
14,Truck service lane,11.00,1610000,16.1000,24.00,BUDGET
15,Rooftop solar,9.50,1423520,14.2352,20.50,BUDGET
18,Survey Z drainage IFC,4.50,741750,7.4175,11.50,PRECONSTRUCTION
19,Fire hazardous emergency,6.50,977500,9.7750,17.00,SAFETY
TOTAL,Control budget,185.17,26972958,269.72958,412.00,GROSS_BEFORE_DEDUP
