metric,planning_baseline,unit,frequency,owner,alarm_or_review
Milk,140,L/day,daily,manager,trend not guarantee
Concentrate,60,kg/day,daily,manager,ration dependent
Dry roughage,80,kg/day,daily,manager,ration dependent
Fresh forage,300,kg/day,daily,manager,ration dependent
Water_normal,3.30,m3/day,daily,utility,investigate sustained variance
Dung_collected,270,kg/day,daily,utility,collection trend
Slurry,0.54,m3/day,daily,utility,batch reconciliation
Biogas_low,8.10,m3/day,daily,utility,process trend
Biogas_high,9.18,m3/day,daily,utility,process trend
Generator_gross,14.5-16.5,kWh/day,daily,utility,gas dependent
Solar,58.35,kWh/day,planning average,utility,weather/model dependent
Fertilizer_finished_base,38.7,kg/day,daily/weekly,manager,capture dependent
Milk_monthly,4200,L/30d,monthly,manager,baseline
Water_monthly_normal,99,m3/30d,monthly,manager,baseline
Biogas_monthly,243-275.4,m3/30d,monthly,manager,baseline
Solar_monthly,1750.5,kWh/30d,monthly,manager,planning average
