year,milk_revenue,other_cash_revenue,avoided_energy_value,total_operating_value,opex,ebitda,depreciation,interest,tax,sustaining_capex,working_capital_change,debt_principal,free_cash_to_equity
0,0,0,0,0,0,0,0,INPUT,0,PLANT_CAPEX+LIVESTOCK_CAPEX,INITIAL_WC,INPUT,FORMULA
1,FORMULA,FORMULA,FORMULA,FORMULA,FORMULA,FORMULA,FORMULA,INPUT,FORMULA,INPUT,FORMULA,INPUT,FORMULA
2,FORMULA,FORMULA,FORMULA,FORMULA,FORMULA,FORMULA,FORMULA,INPUT,FORMULA,INPUT,FORMULA,INPUT,FORMULA
3,FORMULA,FORMULA,FORMULA,FORMULA,FORMULA,FORMULA,FORMULA,INPUT,FORMULA,INPUT,FORMULA,INPUT,FORMULA
4,FORMULA,FORMULA,FORMULA,FORMULA,FORMULA,FORMULA,FORMULA,INPUT,FORMULA,INPUT,FORMULA,INPUT,FORMULA
5,FORMULA,FORMULA,FORMULA,FORMULA,FORMULA,FORMULA,FORMULA,INPUT,FORMULA,INPUT,FORMULA,INPUT,FORMULA
6,FORMULA,FORMULA,FORMULA,FORMULA,FORMULA,FORMULA,FORMULA,INPUT,FORMULA,INPUT,FORMULA,INPUT,FORMULA
7,FORMULA,FORMULA,FORMULA,FORMULA,FORMULA,FORMULA,FORMULA,INPUT,FORMULA,INPUT,FORMULA,INPUT,FORMULA
8,FORMULA,FORMULA,FORMULA,FORMULA,FORMULA,FORMULA,FORMULA,INPUT,FORMULA,INPUT,FORMULA,INPUT,FORMULA
9,FORMULA,FORMULA,FORMULA,FORMULA,FORMULA,FORMULA,FORMULA,INPUT,FORMULA,INPUT,FORMULA,INPUT,FORMULA
10,FORMULA,FORMULA,FORMULA,FORMULA,FORMULA,FORMULA,FORMULA,INPUT,FORMULA,INPUT,FORMULA,INPUT,FORMULA
