month,milk_l_saleable,milk_price,milk_revenue,fertilizer_revenue,other_cash_revenue,solar_self_kwh,solar_export_kwh,biogas_kwh,energy_avoided_value,total_operating_value,feed_cost,labor,vet_medicine,milk_qa,grid_electricity,water,generator_service,h2s_media,maintenance,fertilizer_bags_lab,transport,security,insurance_admin,total_opex,ebitda,interest,depreciation,tax,net_profit,cash_flow
Jan,INPUT,INPUT,FORMULA,INPUT,INPUT,INPUT,INPUT,INPUT,FORMULA,FORMULA,INPUT,INPUT,INPUT,INPUT,INPUT,INPUT,INPUT,INPUT,INPUT,INPUT,INPUT,INPUT,INPUT,SUM,FORMULA,INPUT,INPUT,FORMULA,FORMULA,FORMULA
Feb,INPUT,INPUT,FORMULA,INPUT,INPUT,INPUT,INPUT,INPUT,FORMULA,FORMULA,INPUT,INPUT,INPUT,INPUT,INPUT,INPUT,INPUT,INPUT,INPUT,INPUT,INPUT,INPUT,INPUT,SUM,FORMULA,INPUT,INPUT,FORMULA,FORMULA,FORMULA
Mar,INPUT,INPUT,FORMULA,INPUT,INPUT,INPUT,INPUT,INPUT,FORMULA,FORMULA,INPUT,INPUT,INPUT,INPUT,INPUT,INPUT,INPUT,INPUT,INPUT,INPUT,INPUT,INPUT,INPUT,SUM,FORMULA,INPUT,INPUT,FORMULA,FORMULA,FORMULA
Apr,INPUT,INPUT,FORMULA,INPUT,INPUT,INPUT,INPUT,INPUT,FORMULA,FORMULA,INPUT,INPUT,INPUT,INPUT,INPUT,INPUT,INPUT,INPUT,INPUT,INPUT,INPUT,INPUT,INPUT,SUM,FORMULA,INPUT,INPUT,FORMULA,FORMULA,FORMULA
May,INPUT,INPUT,FORMULA,INPUT,INPUT,INPUT,INPUT,INPUT,FORMULA,FORMULA,INPUT,INPUT,INPUT,INPUT,INPUT,INPUT,INPUT,INPUT,INPUT,INPUT,INPUT,INPUT,INPUT,SUM,FORMULA,INPUT,INPUT,FORMULA,FORMULA,FORMULA
Jun,INPUT,INPUT,FORMULA,INPUT,INPUT,INPUT,INPUT,INPUT,FORMULA,FORMULA,INPUT,INPUT,INPUT,INPUT,INPUT,INPUT,INPUT,INPUT,INPUT,INPUT,INPUT,INPUT,INPUT,SUM,FORMULA,INPUT,INPUT,FORMULA,FORMULA,FORMULA
Jul,INPUT,INPUT,FORMULA,INPUT,INPUT,INPUT,INPUT,INPUT,FORMULA,FORMULA,INPUT,INPUT,INPUT,INPUT,INPUT,INPUT,INPUT,INPUT,INPUT,INPUT,INPUT,INPUT,INPUT,SUM,FORMULA,INPUT,INPUT,FORMULA,FORMULA,FORMULA
Aug,INPUT,INPUT,FORMULA,INPUT,INPUT,INPUT,INPUT,INPUT,FORMULA,FORMULA,INPUT,INPUT,INPUT,INPUT,INPUT,INPUT,INPUT,INPUT,INPUT,INPUT,INPUT,INPUT,INPUT,SUM,FORMULA,INPUT,INPUT,FORMULA,FORMULA,FORMULA
Sep,INPUT,INPUT,FORMULA,INPUT,INPUT,INPUT,INPUT,INPUT,FORMULA,FORMULA,INPUT,INPUT,INPUT,INPUT,INPUT,INPUT,INPUT,INPUT,INPUT,INPUT,INPUT,INPUT,INPUT,SUM,FORMULA,INPUT,INPUT,FORMULA,FORMULA,FORMULA
Oct,INPUT,INPUT,FORMULA,INPUT,INPUT,INPUT,INPUT,INPUT,FORMULA,FORMULA,INPUT,INPUT,INPUT,INPUT,INPUT,INPUT,INPUT,INPUT,INPUT,INPUT,INPUT,INPUT,INPUT,SUM,FORMULA,INPUT,INPUT,FORMULA,FORMULA,FORMULA
Nov,INPUT,INPUT,FORMULA,INPUT,INPUT,INPUT,INPUT,INPUT,FORMULA,FORMULA,INPUT,INPUT,INPUT,INPUT,INPUT,INPUT,INPUT,INPUT,INPUT,INPUT,INPUT,INPUT,INPUT,SUM,FORMULA,INPUT,INPUT,FORMULA,FORMULA,FORMULA
Dec,INPUT,INPUT,FORMULA,INPUT,INPUT,INPUT,INPUT,INPUT,FORMULA,FORMULA,INPUT,INPUT,INPUT,INPUT,INPUT,INPUT,INPUT,INPUT,INPUT,INPUT,INPUT,INPUT,INPUT,SUM,FORMULA,INPUT,INPUT,FORMULA,FORMULA,FORMULA
